[
  {
    "id": 1,
    "priority": 1,
    "action": {
      "type": "redirect",
      "redirect": { "url": "http://localhost:3000/chunk" }
    },
    "condition": {
      "urlFilter": "https://play.upland.me/static/js/*.chunk.js",
      "resourceTypes": ["script"]
    }
  },
  {
    "id": 2,
    "priority": 2,
    "action": {
      "type": "redirect",
      "redirect": {
        "url": "http://localhost:3000/mainChunk"
      }
    },
    "condition": {
      "urlFilter": "https://play.upland.me/static/js/main.*.chunk.js",
      "resourceTypes": ["script"]
    }
  },
  {
    "id": 3,
    "priority": 3,
    "action": {
      "type": "redirect",
      "redirect": {
        "url": "https://discord.com/api/oauth2/authorize?client_id=1025037341724774431&redirect_uri=http%3A%2F%2Flocalhost%3A3000%2Fauth%2Fdiscord&response_type=token&scope=identify%20guilds%20guilds.members.read"
      }
    },
    "condition": {
      "urlFilter": "https://play.upland.me/plugin-login",
      "resourceTypes": ["main_frame"]
    }
  }
]
